keyword,cluster,words,volume,competition,competition_index,cpc,intent
random number generator rng,Other,4,1500000,LOW,0,3.17,Tool
random word generator,Random words/nouns,3,135000,LOW,0,,Tool
random number generator org,Other,4,74000,LOW,0,,Tool
pictionary word generator,Random words/nouns,3,33100,LOW,0,,Tool
word generator from random letters,Random words/nouns,5,22200,LOW,0,0.02,Tool
word generator from letters,Random words/nouns,4,22200,LOW,0,0.02,Tool
random bible verse generator,Bible verses,4,18100,LOW,0,15.05,Tool
random object generator,Random objects,3,18100,LOW,0,,Tool
random number generator picker,Other,4,14800,LOW,0,1.23,Tool
random numbers to call,Phone numbers,4,12100,LOW,0,2.15,Info
funny numbers to call,Phone numbers,4,9900,LOW,0,,Info
generate random list,Other,3,9900,LOW,0,,Info
random drawing generator,Random words/nouns,3,8100,LOW,0,5.66,Tool
real phone numbers to call,Phone numbers,5,6600,LOW,0,2.53,Info
random noun generator,Random words/nouns,3,5400,LOW,0,,Tool
random nouns generator,Random words/nouns,3,5400,LOW,0,,Tool
random number generator between 1 and 2,Other,7,5400,LOW,0,,Tool
bible verse generator,Bible verses,3,4400,LOW,0,16.84,Tool
random number generator spinner,Other,4,4400,LOW,0,1.62,Tool
random phone numbers to call,Phone numbers,5,3600,LOW,0,2.2,Info
random phone number calling,Phone numbers,4,3600,LOW,0,2.2,Info
random phone number calls,Phone numbers,4,3600,LOW,0,2.2,Info
random phone number call,Phone numbers,4,3600,LOW,0,2.2,Info
random phone number to call,Phone numbers,5,3600,LOW,0,2.2,Info
random object to draw,Random objects,4,3600,LOW,0,,Info
random number generator excel,Other,4,3600,LOW,0,,Tool
random number generator on excel,Other,5,3600,LOW,0,,Tool
random number generator python,Other,4,3600,LOW,0,16.16,Tool
random number generator sequence,Other,4,3600,LOW,0,,Tool
random us cell phone number,Phone numbers,5,2900,LOW,0,2.51,Info
random us mobile phone number,Phone numbers,5,2900,LOW,0,2.51,Info
random phone number us,Phone numbers,4,2900,LOW,0,2.51,Info
american phone number random,Phone numbers,4,2900,LOW,0,2.51,Info
random phone number america,Phone numbers,4,2900,LOW,0,2.51,Info
random phone number in usa,Phone numbers,5,2900,LOW,0,2.51,Info
united states random phone number,Phone numbers,5,2900,LOW,0,2.51,Info
random u.s phone number,Phone numbers,4,2900,LOW,0,2.51,Info
random phone number in us,Phone numbers,5,2900,LOW,0,2.51,Info
random phone number in the us,Phone numbers,6,2900,LOW,0,2.51,Info
random phone number usa,Phone numbers,4,2900,LOW,0,2.51,Info
random adjective generator,Random words/nouns,3,2900,LOW,0,,Tool
random word generator for songs,Random words/nouns,5,2900,LOW,0,6.07,Tool
random word generator for song,Random words/nouns,5,2900,LOW,0,6.07,Tool
random number generator between 1 and 10,Other,7,2900,LOW,0,,Tool
random number generator between 1 and 100,Other,7,2900,LOW,0,,Tool
random number generator between 1 and 3,Other,7,2900,LOW,0,,Tool
random number generator online,Other,4,2900,LOW,0,,Tool
random number generator no repeats,Other,5,2400,LOW,0,1.28,Tool
random number generator non repeating,Other,5,2400,LOW,0,1.28,Tool
random word generator for pictionary,Random words/nouns,5,1900,LOW,0,,Tool
random word generator pictionary,Random words/nouns,4,1900,LOW,0,,Tool
random number generator java,Other,4,1900,LOW,0,2.75,Tool
random number generator list,Other,4,1900,LOW,0,3.27,Info
real phone numbers to call with friends,Phone numbers,7,1600,LOW,0,1.89,Info
random phone number canada,Phone numbers,4,1600,LOW,0,,Info
random phone number in canada,Phone numbers,5,1600,LOW,0,,Info
random canadian phone number,Phone numbers,4,1600,LOW,0,,Info
random bible verse kjv,Bible verses,4,1600,LOW,0,6.77,Info
random king james bible verse,Bible verses,5,1600,LOW,0,6.77,Info
random bible verse king james version,Bible verses,6,1600,LOW,0,6.77,Info
random bible page,Bible verses,3,1600,LOW,0,29.48,Info
real phone numbers to call free,Phone numbers,6,1300,LOW,0,,Tool
real phone numbers to call prank,Phone numbers,6,1300,LOW,0,,Info
random phone number to prank,Phone numbers,5,1300,LOW,0,,Info
random phone numbers to prank,Phone numbers,5,1300,LOW,0,,Info
random item generator minecraft,Random objects,4,1300,LOW,0,,Tool
charades random word generator,Random words/nouns,4,1000,LOW,0,,Tool
random charade word generator,Random words/nouns,4,1000,LOW,0,,Tool
random 5 letter word generator,Random words/nouns,5,1000,LOW,0,,Tool
random word generator wheel,Random words/nouns,4,1000,LOW,0,,Tool
random word generator for charades,Random words/nouns,5,1000,LOW,0,,Tool
random number generator to 1000,Other,5,1000,LOW,0,,Tool
random verb generator,Random words/nouns,3,880,LOW,0,,Tool
list of random objects,Random objects,4,880,LOW,0,,Info
random object list,Random objects,3,880,LOW,0,,Info
real random phone number,Phone numbers,4,720,LOW,0,,Info
random phone number in uk,Phone numbers,5,720,LOW,0,,Info
random phone number uk,Phone numbers,4,720,LOW,0,,Info
what is a random phone number,Phone numbers,6,720,LOW,0,,Info
random british phone number,Phone numbers,4,720,LOW,0,,Info
random number generator calculator,Other,4,720,LOW,0,,Tool
random number generator on calculator,Other,5,720,LOW,0,,Tool
australia random phone number,Phone numbers,4,590,LOW,0,,Info
random australian phone number,Phone numbers,4,590,LOW,0,,Info
random au phone number,Phone numbers,4,590,LOW,0,,Info
celebrity numbers to prank call,Phone numbers,5,590,LOW,0,,Info
word generator random,Random words/nouns,3,590,LOW,0,,Tool
hangman word generator,Random words/nouns,3,590,LOW,0,,Tool
list of 100 random objects,Random objects,5,590,LOW,0,,Info
random number generator decimal,Other,4,590,LOW,0,,Tool
random number generator order,Other,4,590,LOW,0,,Tool
random phone number generator wheel,Phone numbers,5,480,LOW,0,,Tool
random phone number ireland,Phone numbers,4,480,LOW,0,,Info
random phone number list,Phone numbers,4,480,LOW,0,,Info
a random phone number,Phone numbers,4,480,LOW,0,,Info
a random bible verse,Bible verses,4,480,LOW,0,18.09,Info
10000 random words,Random words/nouns,3,480,LOW,0,,Info
random object generator to draw,Random objects,5,480,LOW,0,,Tool
object show oc generator,Random objects,4,480,LOW,0,,Tool
random number generator between,Other,4,480,LOW,0,,Tool
random number generator matlab,Other,4,480,LOW,0,,Tool
random number generator multiple,Other,4,480,LOW,0,,Tool
random number generator to 100,Other,5,480,LOW,0,,Tool
random home phone number generator,Phone numbers,5,390,LOW,0,,Tool
real phone numbers to call scary,Phone numbers,6,390,LOW,0,,Info
random phone number california,Phone numbers,4,390,LOW,0,,Info
random phone number in california,Phone numbers,5,390,LOW,0,,Info
random phone number from california,Phone numbers,5,390,LOW,0,,Info
random us phone number california,Phone numbers,5,390,LOW,0,,Info
random word generator spanish,Random words/nouns,4,390,LOW,0,,Tool
three random word generator,Random words/nouns,4,390,LOW,0,,Tool
3 random word generator,Random words/nouns,4,390,LOW,0,,Tool
object show character generator,Random objects,4,390,LOW,0,,Tool
object oc ideas,Random objects,3,390,LOW,0,,Info
random number generator mega millions,Other,5,390,LOW,0,,Tool
random phone numbers generator,Phone numbers,4,390,LOW,0,,Tool
random phone number to prank call,Phone numbers,6,320,LOW,0,,Info
random phone number for prank calling,Phone numbers,6,320,LOW,0,,Info
random word generator for drawing,Random words/nouns,5,320,LOW,0,,Tool
random word generator to draw,Random words/nouns,5,320,LOW,0,,Tool
all words list,Random words/nouns,3,320,LOW,0,0.01,Info
object show generator,Random objects,3,320,LOW,0,,Tool
object show name generator,Random objects,4,320,LOW,0,,Tool
random object wheel,Random objects,3,320,LOW,0,,Info
most random object,Random objects,3,320,LOW,0,,Info
random ingredients generator,Other,3,320,LOW,0,,Tool
real phone numbers to call when bored,Phone numbers,7,260,LOW,0,,Info
free real phone numbers to call prank,Phone numbers,7,260,LOW,0,1.63,Tool
random indian phone number,Phone numbers,4,260,LOW,0,,Info
random phone number india,Phone numbers,4,260,LOW,0,,Info
free online qr code generator website,QR codes,6,260,LOW,0,,Tool
qr stuff free qr code generator,QR codes,6,260,LOW,0,,Tool
random bible verse sanders,Bible verses,4,260,LOW,0,,Info
truly random bible verse,Bible verses,4,260,LOW,0,,Info
pictionary word generator for adults,Random words/nouns,5,260,LOW,0,,Tool
random action generator,Random words/nouns,3,260,LOW,0,,Tool
random word generator english,Random words/nouns,4,260,LOW,0,,Tool
random two word generator,Random words/nouns,4,260,LOW,0,,Tool
random song word generator,Random words/nouns,4,260,LOW,0,,Tool
random word generator list,Random words/nouns,4,260,LOW,0,,Info
random word generator from list,Random words/nouns,5,260,LOW,0,,Info
random object generator with pictures,Random objects,5,260,LOW,0,,Tool
name a random object,Random objects,4,260,LOW,0,,Info
random number generator excel formula,Other,5,260,LOW,0,,Tool
random number generator excel no repeat,Other,6,260,LOW,0,,Tool
random number generator javascript,Other,4,260,LOW,0,,Tool
random number generator spin wheel,Other,5,260,LOW,0,,Tool
random number generator unity,Other,4,260,LOW,0,,Tool
random phone number in new york,Phone numbers,6,210,LOW,0,,Info
new york random phone number,Phone numbers,5,210,LOW,0,,Info
random texas phone number,Phone numbers,4,210,LOW,0,,Info
random chinese phone number,Phone numbers,4,210,LOW,0,,Info
random phone numbers that will answer,Phone numbers,6,210,LOW,0,,Info
random bible verse generator kjv,Bible verses,5,210,LOW,0,,Tool
random noun generator list,Random words/nouns,4,210,LOW,0,,Info
dictionary random word generator,Random words/nouns,4,210,LOW,0,,Tool
random word generator funny,Random words/nouns,4,210,LOW,0,,Tool
random five letter word generator,Random words/nouns,5,210,LOW,0,,Tool
random word picker from list,Random words/nouns,5,210,LOW,0,,Info
random number generator between 0 and 1,Other,7,210,LOW,0,,Tool
random number generator php,Other,4,210,LOW,0,,Tool
random youtuber phone number,Phone numbers,4,170,LOW,0,,Info
random us phone number florida,Phone numbers,5,170,LOW,0,,Info
random phone number florida,Phone numbers,4,170,LOW,0,,Info
penguin random house phone number,Phone numbers,5,170,LOW,0,,Info
random phone number in florida,Phone numbers,5,170,LOW,0,,Info
phone number for penguin random house,Phone numbers,6,170,LOW,0,,Info
random japanese phone number,Phone numbers,4,170,LOW,0,,Info
random word generator noun,Random words/nouns,4,170,LOW,0,,Tool
funny pictionary word generator,Random words/nouns,4,170,LOW,0,,Tool
4 letter random word generator,Random words/nouns,5,170,LOW,0,,Tool
random word generator with definition,Random words/nouns,5,170,LOW,0,,Tool
random four letter word generator,Random words/nouns,5,170,LOW,0,,Tool
random word generator definition,Random words/nouns,4,170,LOW,0,,Tool
random word generator nouns,Random words/nouns,4,170,LOW,0,,Tool
random word generator with definitions,Random words/nouns,5,170,LOW,0,,Tool
random word and definition generator,Random words/nouns,5,170,LOW,0,,Tool
random 2 word generator,Random words/nouns,4,170,LOW,0,,Tool
random fake word generator,Random words/nouns,4,170,LOW,0,,Tool
random number generator dice,Other,4,170,LOW,0,,Tool
random number generator powerpoint,Other,4,170,LOW,0,,Tool
random fake phone number,Phone numbers,4,140,LOW,0,,Info
random phone numbers to prank text,Phone numbers,6,140,LOW,0,,Info
give me a random verse from the bible,Bible verses,8,140,LOW,0,,Info
random adjective and noun generator,Random words/nouns,5,140,LOW,0,,Tool
random letter to word generator,Random words/nouns,5,140,LOW,0,,Tool
weird random word generator,Random words/nouns,4,140,LOW,0,,Tool
random word generator online,Random words/nouns,4,140,LOW,0,,Tool
random letter word generator,Random words/nouns,4,140,LOW,0,,Tool
random word generator from letters,Random words/nouns,5,140,LOW,0,,Tool
random 5 word generator,Random words/nouns,4,140,LOW,0,,Tool
word generator random letters,Random words/nouns,4,140,LOW,0,,Tool
5 letter random word generator,Random words/nouns,5,140,LOW,0,,Tool
random number generator keno,Other,4,140,LOW,0,,Tool
random number generator to 20,Other,5,140,LOW,0,,Tool
birthday bible verse generator,Bible verses,4,110,LOW,0,,Tool
random adverb generator,Random words/nouns,3,110,LOW,0,,Tool
random word generator game,Random words/nouns,4,110,LOW,0,,Tool
random japanese word generator,Random words/nouns,4,110,LOW,0,,Tool
random word generator from text,Random words/nouns,5,110,LOW,0,,Tool
random long word generator,Random words/nouns,4,110,LOW,0,,Tool
fake word generator random,Random words/nouns,4,110,LOW,0,,Tool
song association words list pdf,Random words/nouns,5,110,LOW,0,,Info
10000 word list,Random words/nouns,3,110,LOW,0,,Info
bring a random object to work ideas,Random objects,7,110,LOW,0,,Info
random number generator hex,Other,4,110,LOW,0,,Tool
random number generator vba,Other,4,110,LOW,0,,Tool
random qr code pokemon,QR codes,4,110,LOW,0,,Info
bible random verse generator,Bible verses,4,90,LOW,0,,Tool
generate a random bible verse,Bible verses,5,90,LOW,0,14.35,Tool
random vocab word generator,Random words/nouns,4,90,LOW,0,,Tool
random chinese word generator,Random words/nouns,4,90,LOW,0,,Tool
random french word generator,Random words/nouns,4,90,LOW,0,,Tool
random word combination generator,Random words/nouns,4,90,LOW,0,,Tool
random word combo generator,Random words/nouns,4,90,LOW,0,,Tool
cool random word generator,Random words/nouns,4,90,LOW,0,,Tool
random word generator for infinite craft,Random words/nouns,6,90,LOW,0,,Tool
random word combiner generator,Random words/nouns,4,90,LOW,0,,Tool
random latin word generator,Random words/nouns,4,90,LOW,0,,Tool
random word picker wheel,Random words/nouns,4,90,LOW,0,,Info
random object generator wheel,Random objects,4,90,LOW,0,,Tool
bring a random object to work ideas funny,Random objects,8,90,LOW,0,,Info
random object java,Random objects,3,90,LOW,0,,Info
random object gen,Random objects,3,90,LOW,0,,Info
random object game,Random objects,3,90,LOW,0,,Info
krispcall random phone number generator,Phone numbers,5,90,LOW,0,,Tool
random number generator java code,Other,5,90,LOW,0,,Tool
random number generator python code,Other,5,90,LOW,0,,Tool
random phone number generator uk,Phone numbers,5,70,LOW,0,,Tool
random british phone number generator,Phone numbers,5,70,LOW,0,,Tool
truly random bible verse generator,Bible verses,5,70,LOW,0,29.59,Tool
random adjective noun generator,Random words/nouns,4,70,LOW,0,,Tool
random noun generator for drawing,Random words/nouns,5,70,LOW,0,,Tool
random proper noun generator,Random words/nouns,4,70,LOW,0,,Tool
random common noun generator,Random words/nouns,4,70,LOW,0,,Tool
random noun and adjective generator,Random words/nouns,5,70,LOW,0,,Tool
random word generator python,Random words/nouns,4,70,LOW,0,,Tool
random word generator german,Random words/nouns,4,70,LOW,0,,Tool
random big word generator,Random words/nouns,4,70,LOW,0,,Tool
pick a word generator,Random words/nouns,4,70,LOW,0,,Tool
random object show character generator,Random objects,5,70,LOW,0,,Tool
give me a random object to draw,Random objects,7,70,LOW,0,,Info
random number generator calculator soup,Other,5,70,LOW,0,,Tool
random number generator minecraft,Other,4,70,LOW,0,,Tool
random number generator one through 10,Other,6,70,LOW,0,,Tool
random phone number generator nyc,Phone numbers,5,50,LOW,0,,Tool
generate random bible verse,Bible verses,4,50,LOW,0,,Tool
random bible verse dailyverses net,Bible verses,5,50,LOW,0,,Info
random verse from bible,Bible verses,4,50,LOW,0,,Info
read me a random bible verse,Bible verses,6,50,LOW,0,,Info
simple random word generator,Random words/nouns,4,50,LOW,0,,Tool
random object show generator,Random objects,4,50,LOW,0,,Tool
random object word generator,Random objects,4,50,LOW,0,,Tool
random object name generator,Random objects,4,50,LOW,0,,Tool
object randomizer generator,Random objects,3,50,LOW,0,,Tool
list of 100 random objects with pictures,Random objects,7,50,LOW,0,,Info
random object picker,Random objects,3,50,LOW,0,,Info
random object names,Random objects,3,50,LOW,0,,Info
random object drawing,Random objects,3,50,LOW,0,,Info
random object battle royal,Random objects,4,50,LOW,0,,Info
bring a random object to work day,Random objects,7,50,LOW,0,,Info
bring a random object to work game,Random objects,7,50,LOW,0,,Info
random item generator dnd,Random objects,4,50,LOW,0,,Tool
random number generator desmos,Other,4,50,LOW,0,,Tool
random number generator download,Other,4,50,LOW,0,,Tool
random number generator html,Other,4,50,LOW,0,,Tool
random number generator no repeats wheel,Other,6,50,LOW,0,,Tool
random word generator italian,Random words/nouns,4,50,LOW,0,,Tool
random word generator song,Random words/nouns,4,50,LOW,0,,Tool
random verse in bible,Bible verses,4,74000,LOW,1,18.99,Info
random verse of the bible,Bible verses,5,74000,LOW,1,18.99,Info
random bible verse,Bible verses,3,74000,LOW,1,18.99,Info
random verse from the bible,Bible verses,5,74000,LOW,1,18.99,Info
random phone number,Phone numbers,3,27100,LOW,1,3.63,Info
random phone number generator,Phone numbers,4,4400,LOW,1,1.8,Tool
random phone number generators,Phone numbers,4,4400,LOW,1,1.8,Tool
give me a random bible verse,Bible verses,6,4400,LOW,1,12.62,Info
give me a random phone number,Phone numbers,6,1300,LOW,1,3.05,Info
qr code scanner apk,QR codes,4,1300,LOW,1,0.92,Info
random bible chapter generator,Bible verses,4,1300,LOW,1,22.19,Tool
random bible verse of the day kjv,Bible verses,7,1300,LOW,1,0.99,Info
psalms verse of the day kjv,Bible verses,6,1000,LOW,1,15.4,Info
random person's phone number,Phone numbers,4,880,LOW,1,9.07,Info
random people's phone number,Phone numbers,4,880,LOW,1,9.07,Info
password random word generator,Random words/nouns,4,590,LOW,1,0.15,Tool
random phone number generator us,Phone numbers,5,480,LOW,1,2.3,Tool
generate random us phone number,Phone numbers,5,480,LOW,1,2.3,Tool
random phone number to use,Phone numbers,5,390,LOW,1,2.07,Info
random phone number that works,Phone numbers,5,320,LOW,1,,Info
random working phone number,Phone numbers,4,320,LOW,1,,Info
random bible verse catholic,Bible verses,4,320,LOW,1,,Info
creative word generator,Random words/nouns,3,320,LOW,1,0.48,Tool
pick a random bible verse,Bible verses,5,260,LOW,1,,Info
pick random bible verse,Bible verses,4,260,LOW,1,,Info
random phone number generator texas,Phone numbers,5,210,LOW,1,1.44,Tool
bible verse random generator,Bible verses,4,210,LOW,1,6.1,Tool
random kjv bible verse,Bible verses,4,210,LOW,1,9.64,Info
bible gateway nkjv verse of the day,Bible verses,7,170,LOW,1,28.94,Info
show me a random bible verse,Bible verses,6,170,LOW,1,,Info
us phone number generator random,Phone numbers,5,140,LOW,1,1.2,Tool
random cell phone number,Phone numbers,4,140,LOW,1,6.38,Info
random word generator rap,Random words/nouns,4,110,LOW,1,,Tool
random word song generator,Random words/nouns,4,90,LOW,1,,Tool
random word generator for freestyling,Random words/nouns,5,90,LOW,1,,Tool
random word generator freestyle,Random words/nouns,4,90,LOW,1,,Tool
freestyle rap random word generator,Random words/nouns,5,90,LOW,1,,Tool
random bible verse wheel,Bible verses,4,70,LOW,1,,Info
random phone numbers to call free,Phone numbers,6,50,LOW,1,,Tool
pick a random bible verse for me,Bible verses,7,50,LOW,1,,Info
random bible verse of the day,Bible verses,6,5400,LOW,2,14.52,Info
random bible verse today,Bible verses,4,5400,LOW,2,14.52,Info
random bible verse for today,Bible verses,5,5400,LOW,2,14.52,Info
random bible verse for the day,Bible verses,6,5400,LOW,2,14.52,Info
rick roll qr code small,QR codes,5,1900,LOW,2,,Info
real phone numbers to text,Phone numbers,5,390,LOW,2,3.3,Info
rick roll qr code no ads,QR codes,6,320,LOW,2,0.29,Info
proverbs bible verses about life,Bible verses,5,260,LOW,2,14.79,Info
random bible verse for me today,Bible verses,6,90,LOW,2,,Info
random qr code png,QR codes,4,70,LOW,2,,Info
random bible verse generator catholic,Bible verses,5,70,LOW,2,11.38,Tool
daily bible verse generator,Bible verses,4,70,LOW,2,29.01,Tool
random word generator for passwords,Random words/nouns,5,70,LOW,2,20.24,Tool
random bible verse about love,Bible verses,5,50,LOW,2,,Info
bible verse for tonight,Bible verses,4,3600,LOW,3,2.28,Info
receive sms online free,Phone numbers,4,2900,LOW,3,1.92,Tool
verse of the day with reflection,Bible verses,6,2400,LOW,3,9.34,Info
random number generator hardware,Other,4,880,LOW,3,15.38,Tool
daily random bible verse,Bible verses,4,590,LOW,3,18.33,Info
random phone number to text,Phone numbers,5,390,LOW,3,2.03,Info
random phone number text,Phone numbers,4,390,LOW,3,2.03,Info
random phone numbers to text,Phone numbers,5,390,LOW,3,2.03,Info
random phone number generator california,Phone numbers,5,140,LOW,3,1.06,Tool
kjv bible verse for today morning,Bible verses,6,140,LOW,3,5.57,Info
random bible verse for me,Bible verses,5,70,LOW,3,2.01,Info
best random us number,Phone numbers,4,50,LOW,3,2.73,Info
random verse in the bible,Bible verses,5,50,LOW,3,31.18,Info
a random bible verse for today,Bible verses,6,50,LOW,3,,Info
catholic bible verse generator,Bible verses,4,50,LOW,3,,Tool
bible verses about romantic love,Bible verses,5,2900,LOW,4,2.69,Info
bible verse for me today,Bible verses,5,2400,LOW,4,5.94,Info
bible verses about living life with purpose,Bible verses,7,1900,LOW,4,5.73,Info
random barcode generator,Other,3,720,LOW,4,3.95,Tool
random number generator quantum,Other,4,480,LOW,4,4.93,Tool
bible verses about falling in love,Bible verses,6,320,LOW,4,6.05,Info
give me a random bible verse for today,Bible verses,8,210,LOW,4,15.83,Info
random phone number generator for sms,Phone numbers,6,50,LOW,4,1.51,Tool
random number generator phone number,Phone numbers,5,50,LOW,4,3.43,Tool
bible verses about relationships,Bible verses,4,33100,LOW,5,1.4,Info
bible verse for today morning,Bible verses,5,14800,LOW,5,7.99,Info
fake phone number generator,Phone numbers,4,1900,LOW,5,2.21,Tool
bible verses about love and trust,Bible verses,6,590,LOW,5,0.03,Info
qr code scanner chrome,QR codes,4,390,LOW,5,1.37,Info
random bible verse with picture,Bible verses,5,170,LOW,5,0.04,Info
bible verses about love and relationships,Bible verses,6,4400,LOW,6,2.15,Info
daily bible verse with explanation,Bible verses,5,720,LOW,6,4.11,Info
random number generator phone,Phone numbers,4,480,LOW,6,2.11,Tool
generate a random phone number,Phone numbers,5,480,LOW,6,2.11,Tool
generate random phone number,Phone numbers,4,480,LOW,6,2.11,Tool
random phone number maker,Phone numbers,4,480,LOW,6,2.11,Tool
random phone number gen,Phone numbers,4,480,LOW,6,2.11,Info
get random phone number,Phone numbers,4,480,LOW,6,2.11,Info
random phone number verification,Phone numbers,4,210,LOW,6,1.8,Info
random phone number for verification,Phone numbers,5,210,LOW,6,1.8,Info
random phone number generator with code,Phone numbers,6,140,LOW,6,2.25,Tool
qr code message gift,QR codes,4,140,LOW,6,5.43,Info
best free qr code generator reddit,QR codes,6,110,LOW,6,3.69,Tool
random number generator password,Random words/nouns,4,70,LOW,6,0.2,Tool
act of random kindness bible verse,Bible verses,6,50,LOW,6,,Info
ai bible verse generator,Bible verses,4,50,LOW,7,0.94,Tool
receive sms online,Phone numbers,3,12100,LOW,8,2.69,Tool
funny pictionary words,Random words/nouns,3,720,LOW,8,0.17,Info
funny random objects,Random objects,3,210,LOW,8,0.34,Info
scan qr online,QR codes,3,880,LOW,9,1.42,Tool
bible verses about life,Bible verses,4,22200,LOW,10,7.06,Info
random qr code generator,QR codes,4,590,LOW,10,2.01,Tool
free qr code generator reddit,QR codes,5,590,LOW,10,3.57,Tool
generate random qr code,QR codes,4,590,LOW,10,2.01,Tool
phone number generator and validator free,Phone numbers,6,260,LOW,10,2.79,Tool
customizable qr code generator,QR codes,4,8100,LOW,11,9.23,Tool
custom qr code generator,QR codes,4,8100,LOW,11,9.23,Tool
customized qr code generator,QR codes,4,8100,LOW,11,9.23,Tool
qr code generator personalized,QR codes,4,8100,LOW,11,9.23,Tool
bible verse of the day about strength,Bible verses,7,8100,LOW,11,4.5,Info
bible verses about love and hope,Bible verses,6,1000,LOW,11,2.84,Info
free qr code generator online,QR codes,5,27100,LOW,12,3.79,Tool
generate qr code online for free,QR codes,6,27100,LOW,12,3.79,Tool
temporary phone number for verification,Phone numbers,5,9900,LOW,12,2.25,Info
qr code scanner from image,QR codes,5,5400,LOW,12,1.17,Info
pictionary words for adults,Random words/nouns,4,1000,LOW,12,0.11,Info
short bible verse for today,Bible verses,5,90,LOW,12,0.05,Info
random qr code funny,QR codes,4,50,LOW,12,,Info
random qr codes funny,QR codes,4,50,LOW,12,,Info
temporary phone number generator for verification,Phone numbers,6,170,LOW,13,1.77,Tool
funny qr code jokes,QR codes,4,170,LOW,13,0.02,Info
qr code generator example,QR codes,4,50,LOW,13,,Info
qr code generator online,QR codes,4,49500,LOW,14,2.81,Tool
qr code generator line,QR codes,4,49500,LOW,14,2.81,Tool
bible verses about encouraging others,Bible verses,5,3600,LOW,15,2.49,Info
free us number for verification,Phone numbers,5,2900,LOW,15,3.08,Tool
bulk qr code generator,QR codes,4,1300,LOW,15,4.52,Tool
fb qr code generator free,QR codes,5,320,LOW,15,4.75,Tool
facebook qr code generator free,QR codes,5,320,LOW,15,4.75,Tool
free qr code generator for facebook,QR codes,6,320,LOW,15,4.75,Tool
free qr code generator website,QR codes,5,720,LOW,16,5.79,Tool
free random phone number for verification,Phone numbers,6,70,LOW,16,1.55,Tool
bible verse image generator,Bible verses,4,50,LOW,17,0.5,Tool
bible verse picture generator,Bible verses,4,50,LOW,17,0.5,Tool
free virtual number for sms,Phone numbers,5,1600,LOW,18,2.89,Tool
offline qr code generator,QR codes,4,140,LOW,18,2.62,Tool
bible verses about strength in hard times,Bible verses,7,18100,LOW,19,2.67,Info
bible verses about love and strength,Bible verses,6,6600,LOW,19,5.22,Info
rick roll qr code printable,QR codes,5,50,LOW,19,,Info
free phone number for verification,Phone numbers,5,6600,LOW,22,2.53,Tool
bulk qr code generator free,QR codes,5,90,LOW,22,3.79,Tool
qr code scanner online mobile,QR codes,5,390,LOW,23,1.65,Tool
random bible verse for encouragement,Bible verses,5,110,LOW,24,5.75,Info
random bible verse generator app,Bible verses,5,260,LOW,25,2.29,Tool
phone number generator with notifications,Phone numbers,5,70,LOW,25,5.27,Tool
random phone number generator app,Phone numbers,5,110,LOW,26,2.63,Tool
phone number generator for messages,Phone numbers,5,1900,LOW,27,4.6,Tool
qr code generator with logo online,QR codes,6,50,LOW,29,,Tool
inspirational verse of the day,Bible verses,5,8100,LOW,30,5.66,Info
random number generator powerball,Other,4,1600,LOW,100,0.47,Tool
random number generator lottery,Other,4,1000,LOW,100,0.19,Tool
random number generator lotto,Other,4,1000,LOW,100,0.19,Tool
random phone generator us,Phone numbers,4,480,LOW,100,2.3,Tool
random qr code to scan,QR codes,5,140,LOW,100,,Info
